"","Year","Density_F"
"1",2011,0.02
"2",2012,0.0111111111111111
"3",2013,0.04
"4",2016,0.03125
"5",2019,0.0261111111111111
"6",2020,0.0805555555555555
"7",2021,0.00555555555555556
"8",2022,0
"9",2023,0
